{
  "ss": {
    "Matemātika": 1,
    "Latviešu valoda": 1,
    "Angļu valoda": 1,
    "Vēsture": 1,
    "Ģeogrāfija": 1,
    "Fizika": 1,
    "Ķīmija": 1,
    "Bioloģija": 1,
    "Māksla": 1,
    "Mūzika": 1
  },
  "ss1": {
    "Matemātika": 1,
    "Latviešu valoda": 1,
    "Angļu valoda": 1,
    "Vēsture": 1,
    "Ģeogrāfija": 1,
    "Fizika": 1,
    "Ķīmija": 1,
    "Bioloģija": 1,
    "Māksla": 1,
    "Mūzika": 1
  },
  "Jančuks": {
    "Matemātika": 1,
    "Latviešu valoda": 1,
    "Angļu valoda": 1,
    "Vēsture": 1,
    "Ģeogrāfija": 1,
    "Fizika": 1,
    "Ķīmija": 1,
    "Bioloģija": 1,
    "Māksla": 1,
    "Mūzika": 1
  }
}